<!--
 ~ Copyright (c) 2005-2010, WSO2 Inc. (http://www.wso2.org) All Rights Reserved.
 ~
 ~ WSO2 Inc. licenses this file to you under the Apache License,
 ~ Version 2.0 (the "License"); you may not use this file except
 ~ in compliance with the License.
 ~ You may obtain a copy of the License at
 ~
 ~    http://www.apache.org/licenses/LICENSE-2.0
 ~
 ~ Unless required by applicable law or agreed to in writing,
 ~ software distributed under the License is distributed on an
 ~ "AS IS" BASIS, WITHOUT WARRANTIES OR CONDITIONS OF ANY
 ~ KIND, either express or implied.  See the License for the
 ~ specific language governing permissions and limitations
 ~ under the License.
 -->
<component xmlns="http://products.wso2.org/carbon">
    <menus>
        <menu>
            <id>saml_sso_auth</id>
            <i18n-key>saml.sso.menu</i18n-key>
            <i18n-bundle>org.wso2.carbon.identity.sso.saml.ui.i18n.Resources</i18n-bundle>
            <!--link>../sso-saml/manage_service_providers.jsp</link-->
            <skip-authentication>
                <skip-link>../sso-acs/redirect_ajaxprocessor.jsp</skip-link>
                <skip-link>../sso-acs/notifications.jsp</skip-link>
                <skip-link>../sso-acs/authFailure.jsp</skip-link>
                <skip-link>/acs</skip-link>
            </skip-authentication>
        </menu>
    </menus>
    
    <servlets>
		<servlet id="SSOAssertionConsumerService">
			<servlet-name>SSOAssertionConsumerService</servlet-name>
			<url-pattern>/acs</url-pattern>
			<display-name>SAML SSO Consumer Servlet</display-name>
			<servlet-class>org.wso2.carbon.identity.authenticator.saml2.sso.ui.SSOAssertionConsumerService</servlet-class>
		</servlet>
	</servlets>
	
</component>
