<?xml version="1.0" encoding="UTF-8"?>
<!--
        ! ! Copyright 2006 The Apache Software Foundation. ! ! Licensed under
        the Apache License, Version 2.0 (the "License"); ! you may not use
        this file except in compliance with the License. ! You may obtain a
        copy of the License at ! ! http://www.apache.org/licenses/LICENSE-2.0
        ! ! Unless required by applicable law or agreed to in writing,
        software ! distributed under the License is distributed on an "AS IS"
        BASIS, ! WITHOUT WARRANTIES OR CONDITIONS OF ANY KIND, either express
        or implied. ! See the License for the specific language governing
        permissions and ! limitations under the License. !
    -->
<serviceGroup>
    <service name="SAML2SSOAuthenticationService" scope="transportsession">
        <transports>
            <transport>https</transport>
        </transports>
        <parameter name="ServiceClass" locked="false">
            org.wso2.carbon.identity.authenticator.saml2.sso.SAML2SSOAuthenticator
        </parameter>
        <parameter name="DoAuthentication" locked="true">false</parameter>
        <excludeOperations>
            <operation>isHandle</operation>
            <operation>isAuthenticated</operation>
            <operation>getPriority</operation>
            <operation>getAuthenticatorName</operation>
            <operation>isDisabled</operation>
        </excludeOperations>
    </service>
    <parameter name="hiddenService" locked="true">true</parameter>
</serviceGroup>
