<!--
  ~ Copyright (c) 2010, WSO2 Inc. (http://www.wso2.org) All Rights Reserved.
  ~
  ~ WSO2 Inc. licenses this file to you under the Apache License,
  ~ Version 2.0 (the "License"); you may not use this file except
  ~ in compliance with the License.
  ~ You may obtain a copy of the License at
  ~
  ~ http://www.apache.org/licenses/LICENSE-2.0
  ~
  ~ Unless required by applicable law or agreed to in writing,
  ~ software distributed under the License is distributed on an
  ~ "AS IS" BASIS, WITHOUT WARRANTIES OR CONDITIONS OF ANY
  ~ KIND, either express or implied.  See the License for the
  ~ specific language governing permissions and limitations
  ~ under the License.
  -->
<component xmlns="http://products.wso2.org/carbon">
        <!-- sample menu configuration -->
    <menus>
        <menu>
            <id>claim_mgt_menu</id>
            <i18n-key>claim.mgt</i18n-key>
            <i18n-bundle>org.wso2.carbon.claim.mgt.ui.i18n.Resources</i18n-bundle>
            <parent-menu>identity_menu</parent-menu>
            <link>#</link>
            <region>region1</region>
            <order>2</order>
            <style-class>manage</style-class>
		    <icon>../claim-mgt/images/claimmgt.gif</icon>
		    <require-permission>/permission/admin/configure/security</require-permission>
        </menu>
        <menu>
            <id>claim_mgt_menu_add</id>
            <i18n-key>add</i18n-key>
            <i18n-bundle>org.wso2.carbon.claim.mgt.ui.i18n.Resources</i18n-bundle>
            <parent-menu>claim_mgt_menu</parent-menu>
            <link>../claim-mgt/add-dialect-claim.jsp</link>
            <region>region1</region>
            <order>1</order>
            <style-class>manage</style-class>
            <icon>../claim-mgt/images/add.gif</icon>
            <require-permission>/permission/admin/manage</require-permission>
            <require-not-logged-in>false</require-not-logged-in>
        </menu>
        <menu>
            <id>claim_mgt_menu_list</id>
            <i18n-key>list</i18n-key>
            <i18n-bundle>org.wso2.carbon.claim.mgt.ui.i18n.Resources</i18n-bundle>
            <parent-menu>claim_mgt_menu</parent-menu>
            <link>../claim-mgt/index.jsp</link>
            <region>region1</region>
            <order>2</order>
            <style-class>manage</style-class>
            <icon>../claim-mgt/images/list.gif</icon>
            <require-permission>/permission/admin/manage</require-permission>
            <require-not-logged-in>false</require-not-logged-in>
        </menu>
    </menus>
</component>
