<!--
 ~ Copyright (c) 2005-2014, WSO2 Inc. (http://www.wso2.org) All Rights Reserved.
 ~
 ~ WSO2 Inc. licenses this file to you under the Apache License,
 ~ Version 2.0 (the "License"); you may not use this file except
 ~ in compliance with the License.
 ~ You may obtain a copy of the License at
 ~
 ~    http://www.apache.org/licenses/LICENSE-2.0
 ~
 ~ Unless required by applicable law or agreed to in writing,
 ~ software distributed under the License is distributed on an
 ~ "AS IS" BASIS, WITHOUT WARRANTIES OR CONDITIONS OF ANY
 ~ KIND, either express or implied.  See the License for the
 ~ specific language governing permissions and limitations
 ~ under the License.
 -->
<component xmlns="http://products.wso2.org/carbon">
	<menus>
	    <menu>
            <id>service_providers_menu</id>
            <i18n-key>menu.service.providers</i18n-key>
            <i18n-bundle>org.wso2.carbon.identity.application.mgt.ui.i18n.Resources</i18n-bundle>
            <parent-menu>identity_menu</parent-menu>
            <link>#</link>
            <region>region1</region>
            <order>4</order>
            <style-class>manage</style-class>
            <icon>../application/images/service-provider.png</icon>
            <require-permission>/permission/admin/manage</require-permission>
            <require-not-logged-in>false</require-not-logged-in>
            <hide-menu-id>manage_saml_sso</hide-menu-id>
            <hide-menu-id>generic_sts_menu</hide-menu-id>
            <hide-menu-id>oauth_menu</hide-menu-id>
            <hide-menu-id>scim_menu</hide-menu-id>
	    </menu>
		<menu>
            <id>add_service_providers_menu</id>
            <i18n-key>menu.service.providers.add</i18n-key>
            <i18n-bundle>org.wso2.carbon.identity.application.mgt.ui.i18n.Resources</i18n-bundle>
            <parent-menu>service_providers_menu</parent-menu>
            <link>../application/add-service-provider.jsp</link>
            <region>region1</region>
            <order>1</order>
            <style-class>manage</style-class>
            <icon>../application/images/add.png</icon>
            <require-permission>/permission/admin/manage</require-permission>
            <require-not-logged-in>false</require-not-logged-in>
        </menu>
        <menu>
            <id>list_service_providers_menu</id>
            <i18n-key>menu.service.providers.list</i18n-key>
            <i18n-bundle>org.wso2.carbon.identity.application.mgt.ui.i18n.Resources</i18n-bundle>
            <parent-menu>service_providers_menu</parent-menu>
            <link>../application/list-service-providers.jsp</link>
            <region>region1</region>
            <order>2</order>
            <style-class>manage</style-class>
            <icon>../application/images/list.png</icon>
            <require-permission>/permission/admin/login</require-permission>
            <require-not-logged-in>false</require-not-logged-in>
        </menu>
	</menus>
    <ManagementPermissions>
        <ManagementPermission>
            <DisplayName>Applications</DisplayName>
            <ResourceId>/permission/applications</ResourceId>
        </ManagementPermission>
    </ManagementPermissions>
    <!-- framework-configuration>
        <bypass>
            <authentication>
            </authentication>
        </bypass>
    </framework-configuration-->
</component>
